Date,username,LoginStatus
26/02/2024 1:38,garman,Success
26/02/2024 15:11,garman,Success
2024-02-26 15:16:55,garman,Success
2024-02-26 15:47:26,garman,Success
2024-02-26 16:12:14,garman,Success
2024-02-26 16:17:54,garman,Success
2024-02-26 16:18:08,garman,Success
2024-02-26 16:18:14,garman,Success
2024-02-26 16:18:30,garman,Success
2024-02-26 16:19:59,garman,Success
2024-02-26 16:25:54,garman,Success
2024-02-26 16:31:33,garman,Success
2024-02-26 16:48:05,garman,Success
2024-02-26 17:04:42,garman,Success
2024-02-26 17:16:00,garman,Success
2024-02-26 17:19:12,garman,Success
2024-02-26 17:23:36,garman,Success
2024-02-26 17:25:01,garman,Success
2024-02-26 17:28:03,garman,Success
2024-02-26 17:29:21,garman,Success
2024-02-26 17:30:09,garman,Success
2024-02-26 17:33:22,garman,Success
2024-02-26 17:35:16,garman,Success
2024-02-26 17:41:31,garman,Success
2024-02-26 17:43:47,garman,Success
2024-02-26 17:50:05,garman,Success
2024-02-26 17:51:30,garman,Success
2024-02-26 17:53:23,farmar,Success
2024-02-26 17:54:45,garman,Success
2024-02-26 19:43:22,garman,Success
2024-02-26 19:58:05,garman,Success
2024-02-26 20:40:25,garman,Success
2024-02-26 20:45:20,garman,Success
2024-02-26 20:49:58,garman,Success
2024-02-26 20:52:12,garman,Success
2024-02-26 20:54:43,garman,Success
2024-02-26 20:55:09,garman,Failed
2024-02-26 20:55:14,garman,Success
2024-02-26 20:59:51,garman,Success
2024-02-26 21:35:51,garman,Success
2024-02-26 21:36:21,garman,Success
2024-02-26 21:44:11,garman,Success
2024-02-26 22:01:39,garman,Success
2024-02-26 22:02:09,garman,Success
2024-02-26 22:07:55,garman,Success
2024-02-26 22:10:20,garman,Success
2024-02-26 22:13:17,garman,Success
2024-02-26 22:15:27,garman,Success
2024-02-26 22:17:20,garman,Success
2024-02-26 22:20:19,garman,Success
2024-02-26 22:21:31,garman,Success
2024-02-26 22:24:52,garman,Success
2024-02-26 22:25:34,garman,Success
2024-02-26 22:29:41,garman,Success
2024-02-26 22:31:55,garman,Success
2024-02-26 22:32:59,garman,Success
2024-02-26 22:34:21,garman,Success
2024-02-26 22:36:41,garman,Success
2024-02-26 22:38:26,garman,Success
2024-02-26 23:06:03,garman,Success
2024-02-26 23:07:49,garman,Success
2024-02-26 23:16:09,garman,Success
2024-02-26 23:33:36,garman,Success
2024-02-26 23:34:39,garman,Success
2024-02-26 23:36:45,garman,Success
2024-02-26 23:56:22,garman,Success
2024-02-27 00:26:42,garman,Success
2024-02-27 00:37:32,garman,Success
2024-02-27 00:38:28,garman,Success
2024-02-27 00:39:48,garman,Success
2024-02-27 00:40:22,garman,Success
2024-02-27 00:41:34,garman,Success
2024-02-27 00:42:03,garman,Success
2024-02-27 00:44:29,garman,Success
2024-02-27 00:50:35,garman,Success
2024-02-27 00:52:38,garman,Success
2024-02-27 00:53:25,garman,Success
2024-02-27 00:56:28,garman,Success
2024-02-27 00:58:54,garman,Success
2024-02-27 01:02:17,garman,Success
2024-02-27 01:07:48,garman,Success
2024-02-27 01:08:31,garman,Success
2024-02-27 02:04:37,garman,Success
2024-02-27 02:05:59,garman,Success
2024-02-27 02:06:34,garman,Success
2024-02-27 09:38:43,garnan,Failed
2024-02-27 09:38:51,garman,Success
2024-02-27 09:39:36,garman,Success
2024-02-27 09:41:32,garman,Success
2024-02-27 09:55:06,garman,Success
2024-02-27 09:57:39,garman,Success
2024-02-27 10:08:29,garman,Success
2024-02-27 10:45:34,garman,Success
2024-02-27 11:31:35,garman,Success
2024-02-27 11:54:10,garman,Success
2024-02-27 11:56:40,garman,Success
2024-02-27 12:00:27,garman,Success
2024-02-27 12:12:10,garman,Success
2024-02-27 12:13:46,garman,Success
2024-02-27 16:50:47,garman,Success
2024-02-27 16:50:47,garman,Success2024-02-28 00:53:31,garman,Success
2024-02-28 01:01:50,garman,Success
2024-02-28 01:02:34,garman,Success
2024-02-28 01:03:20,garman,Success
2024-02-28 01:05:39,garman,Success
2024-02-28 01:36:34,garman,Success
2024-02-28 01:40:31,garman,Success
2024-02-28 01:41:46,garman,Success
2024-02-28 01:45:43,garman,Success
2024-02-28 01:47:24,garman,Success
2024-02-28 01:54:48,garman,Success
2024-02-28 01:55:15,garman,Success
2024-02-28 02:07:42,garman,Success
2024-02-28 02:14:04,garman,Success
2024-02-28 02:16:54,garman,Success
2024-02-28 02:20:45,garman,Success
2024-02-28 02:36:24,garman,Success
2024-02-28 02:57:38,garman,Success
2024-02-28 02:58:02,garman,Success
2024-02-28 02:58:53,garman,Success
2024-02-28 03:03:28,garman,Success
2024-02-28 03:04:29,garman,Success
2024-02-28 03:07:38,garman,Success
2024-02-28 09:56:33,garman,Success
2024-02-28 10:18:58,garman,Success
2024-02-28 12:06:49,garman,Success
2024-02-28 14:34:25,garman,Success
2024-02-28 15:07:14,garman,Success
2024-02-28 15:07:46,viland,Success
2024-02-28 15:08:04,garman,Success
2024-02-28 15:09:08,viland,Success
2024-02-28 15:24:21,garman,Success
2024-02-28 15:37:43,garman,Success
2024-02-28 15:38:05,alvrod,Success
2024-02-28 15:45:19,garman,Success
2024-02-28 15:45:34,alvrod,Success
2024-02-28 15:47:05,alvrod,Success
2024-02-28 15:47:24,salant,Success
2024-02-28 15:48:30,salant,Success
2024-02-28 20:05:53,sanbra,Success
2024-02-28 20:08:53,sanbra,Success
2024-02-28 20:50:05,sanbra,Success
2024-02-28 20:50:30,sanbra,Success
2024-02-28 21:31:09,sanbra,Success
2024-02-28 21:35:28,sanbra,Success
2024-02-28 21:36:05,sanbra,Success
2024-02-28 21:53:49,sanbra,Success
2024-02-28 21:55:03,sanbra,Success
2024-02-28 21:56:12,sanbra,Success
2024-02-28 22:26:53,sanbra,Success
2024-02-29 09:19:04,garman,Success
2024-02-29 09:20:35,garman,Success
2024-02-29 09:24:20,garman,Success
2024-02-29 09:27:26,viland,Success
2024-02-29 09:28:00,viland,Success
2024-02-29 09:30:14,viland,Success
2024-02-29 09:31:36,viland,Success
2024-02-29 16:55:37,sanbra,Success
2024-02-29 16:56:00,sanbra,Success
2024-02-29 16:56:19,sanbra,Success
2024-02-29 17:05:30,sanbra,Success
2024-02-29 23:06:33,sanbra,Failed
2024-02-29 23:07:05,sanbra,Success
2024-02-29 23:17:22,sanbra,Success
2024-02-29 23:52:55,sanbra,Success
2024-03-01 00:00:51,sanbra,Success
2024-03-01 00:08:52,sanbra,Success
2024-03-01 00:15:17,sanbra,Success
2024-03-01 00:18:11,sanbra,Success
2024-03-01 00:18:38,sanbra,Success
2024-03-01 00:45:47,sanbra,Success
2024-03-01 00:51:59,sanbra,Success
2024-03-01 01:15:06,sanbra,Success
2024-03-01 01:15:43,sanbra,Success
2024-03-01 01:21:59,sanbra,Success
2024-03-01 01:25:37,sanbra,Success
2024-03-01 01:27:05,sanbra,Success
2024-03-01 01:34:27,sanbra,Success
2024-03-01 01:36:01,sanbra,Success
2024-03-01 01:37:29,sanbra,Success
2024-03-01 01:39:27,sanbra,Success
2024-03-01 01:45:13,sanbra,Success
2024-03-01 01:58:58,sanbra,Success
2024-03-01 02:08:13,sanbra,Success
2024-03-01 02:21:58,sanbra,Success
2024-03-01 02:25:27,sanbra,Success
2024-03-01 02:35:02,sanbra,Success
2024-03-01 03:04:44,garman,Success
2024-03-01 03:07:39,garman,Success
2024-03-01 03:09:27,garman,Success
2024-03-01 03:13:23,ganmar,Failed
2024-03-01 03:13:31,garman,Success
2024-03-01 03:14:24,garman,Success
2024-03-01 03:14:52,garman,Success
2024-03-01 03:31:34,garman,Success
2024-03-01 03:33:43,garman,Success
